e,att,lo,hi
-5,0.15301001078282947,-1.7312801389655925,0.9128093623661376
-4,-0.06171054068539909,-3.2423978193402307,0.5467458391072346
-3,-0.1469758628828028,-0.7034564220648909,1.1014444050604353
-2,0.4248871343625496,-0.3522620175748079,1.2517959487628327
-1,-0.158231404103262,-1.7723753301001197,0.47464459058666386
0,-4.170328454126028,-5.342875976699685,-2.7431727525985283
1,-6.959916481179169,-8.657893076504589,-4.8066868291362175
2,-7.870231689059122,-9.793516280676958,-4.865137254728716
3,-8.556264894778117,-10.698861769320477,-5.573685162778929
4,-8.71800107182593,-11.102145051757962,-5.024271136528096
5,-9.068931473817457,-11.559039881090042,-5.209339949239535
6,-8.43092548146888,-10.809315305093461,-3.953040421048189
7,-8.256044713975133,-11.196311325506652,-3.2077565330370787
8,-6.501407014061744,-9.25691508364664,-1.194107450989162
