g,t,e,att,weight
2014,2009,-5,0.06846568411988097,17421195.0
2014,2010,-4,-0.0035411644070855487,17421195.0
2014,2011,-3,-0.3588106828763519,17421195.0
2014,2012,-2,0.6349179654924995,17421195.0
2014,2013,-1,-0.08356176576502067,17421195.0
2014,2014,0,-4.31531609608552,17421195.0
2014,2015,1,-7.5183255197975125,17421195.0
2014,2016,2,-8.279555507024288,17421195.0
2014,2017,3,-9.226450168941684,17421195.0
2014,2018,4,-9.158101538184315,17421195.0
2014,2019,5,-9.557568989674309,17421195.0
2014,2020,6,-8.679386834438827,17421195.0
2014,2021,7,-8.725209844073794,17421195.0
2014,2022,8,-6.7367650698619315,17421195.0
2014,2023,9,-5.503884743425756,17421195.0
2015,2009,-6,0.5289390831500206,2381638.0
2015,2010,-5,-0.11775758930505364,2381638.0
2015,2011,-4,0.6770470416345912,2381638.0
2015,2012,-3,0.6607000598752167,2381638.0
2015,2013,-2,0.47886126402664075,2381638.0
2015,2014,-1,1.0139556933648892,2381638.0
2015,2015,0,-2.7675279836010556,2381638.0
2015,2016,1,-4.691669569345045,2381638.0
2015,2017,2,-6.412052677024018,2381638.0
2015,2018,3,-6.182883999183897,2381638.0
2015,2019,4,-6.932679659341491,2381638.0
2015,2020,5,-5.916278057354196,2381638.0
2015,2021,6,-7.175554263022099,2381638.0
2015,2022,7,-5.137511372795728,2381638.0
2015,2023,8,-4.779810959197006,2381638.0
2016,2009,-7,0.25462139956479823,211347.0
2016,2010,-6,-1.7716796832477832,211347.0
2016,2011,-5,1.8195536791265525,211347.0
2016,2012,-4,0.16190365838304094,211347.0
2016,2013,-3,-2.409466428897093,211347.0
2016,2014,-2,0.3106881267759993,211347.0
2016,2015,-1,-2.814299599364698,211347.0
2016,2016,0,-5.507756828642373,211347.0
2016,2017,1,-8.8656935965672,211347.0
2016,2018,2,-8.97382701634412,211347.0
2016,2019,3,-11.22248006843552,211347.0
2016,2020,4,-10.436505375518905,211347.0
2016,2021,5,-8.983475160892793,211347.0
2016,2022,6,-6.000147112201307,211347.0
2016,2023,7,-4.725359589372968,211347.0
2017,2009,-8,0.09744660843225435,718074.0
2017,2010,-7,-1.064566025979239,718074.0
2017,2011,-6,-0.35832686831646304,718074.0
2017,2012,-5,0.3927143185185355,718074.0
2017,2013,-4,-0.17274249039605974,718074.0
2017,2014,-3,0.5772065752433634,718074.0
2017,2015,-2,-1.6283321267242903,718074.0
2017,2016,-1,-2.751504132170156,718074.0
2017,2017,0,-7.676145186738814,718074.0
2017,2018,1,-9.221018172654505,718074.0
2017,2019,2,-8.319565951667537,718074.0
2017,2020,3,-8.772710750269596,718074.0
2017,2021,4,-9.273116080337864,718074.0
2017,2022,5,-7.695661678209501,718074.0
2017,2023,6,-7.282135571119117,718074.0
2019,2009,-10,0.29657211276095863,1013399.0
2019,2010,-9,1.2279255858925744,1013399.0
2019,2011,-8,-0.5539095028626326,1013399.0
2019,2012,-7,0.7253133728676033,1013399.0
2019,2013,-6,0.2463372576199596,1013399.0
2019,2014,-5,2.0007847183215604,1013399.0
2019,2015,-4,-0.49242787182133113,1013399.0
2019,2016,-3,0.24214723777321903,1013399.0
2019,2017,-2,-0.6470644384043566,1013399.0
2019,2018,-1,-0.2436445266309377,1013399.0
2019,2019,0,-4.671174301076158,1013399.0
2019,2020,1,-6.041194661090243,1013399.0
2019,2021,2,-7.3854540081605835,1013399.0
2019,2022,3,-5.564345646279601,1013399.0
2019,2023,4,-4.596326282795638,1013399.0
2020,2009,-11,-1.0705506903264665,541239.0
2020,2010,-10,1.3424637380758855,541239.0
2020,2011,-9,-0.8996838030190188,541239.0
2020,2012,-8,0.0023135941357340078,541239.0
2020,2013,-7,-0.7720510743140243,541239.0
2020,2014,-6,1.4471614729533604,541239.0
2020,2015,-5,-1.3645430129384761,541239.0
2020,2016,-4,-2.1580254270333854,541239.0
2020,2017,-3,0.18155112896017048,541239.0
2020,2018,-2,-0.39505897807977725,541239.0
2020,2019,-1,-0.7909569974894395,541239.0
2020,2020,0,-2.84811922560863,541239.0
2020,2021,1,-5.305220829407898,541239.0
2020,2022,2,-3.218873716399835,541239.0
2020,2023,3,-1.7019787791347212,541239.0
2021,2009,-12,1.4472267831502912,201926.0
2021,2010,-11,-1.819333959496732,201926.0
2021,2011,-10,0.5202395601325797,201926.0
2021,2012,-9,-0.12492405411422551,201926.0
2021,2013,-8,0.8681728407672444,201926.0
2021,2014,-7,1.164600630152486,201926.0
2021,2015,-6,-0.30247856035163717,201926.0
2021,2016,-5,2.1085237068129166,201926.0
2021,2017,-4,-1.0602152914230683,201926.0
2021,2018,-3,-1.1267155958857367,201926.0
2021,2019,-2,-1.4885757305124927,201926.0
2021,2020,-1,-0.31075884706724605,201926.0
2021,2021,0,-3.331163011824309,201926.0
2021,2022,1,-1.778963829951099,201926.0
2021,2023,2,-1.9017939288631789,201926.0
2022,2009,-13,-0.44597523347871043,1331457.0
2022,2010,-12,0.41471992207107494,1331457.0
2022,2011,-11,0.9650568112304593,1331457.0
2022,2012,-10,-0.5356626741267126,1331457.0
2022,2013,-9,-0.9847802980087836,1331457.0
2022,2014,-8,0.9091722976357888,1331457.0
2022,2015,-7,0.778657043641251,1331457.0
2022,2016,-6,0.21229946127129076,1331457.0
2022,2017,-5,0.26367520861262267,1331457.0
2022,2018,-4,-0.7884664600751363,1331457.0
2022,2019,-3,0.8674499840344525,1331457.0
2022,2020,-2,0.14507595779849544,1331457.0
2022,2021,-1,-1.0664344492402025,1331457.0
2022,2022,0,-2.9630280651633214,1331457.0
2022,2023,1,-4.346507496691482,1331457.0
