state,counties,uninsured_2023,low_income_adults,adults_gaining_coverage,rate_2023,predicted_rate_after,expanded_late_2023
TX,254,1274412.182,3218442.0,230435.5054883241,39.59717720561688,32.437330749215796,False
FL,67,577830.336,2154384.0,98694.26907541028,26.82113940690239,22.24004944915065,False
GA,159,337131.229,1140336.0,64336.11986882047,29.564201165270585,23.922344741477907,False
NC,100,270356.732,1085610.0,51647.686527674094,24.9036700104089,20.146189282737442,True
TN,95,181372.684,754603.0,34278.17550022741,24.035510592987308,19.492966301455546,False
SC,46,136541.881,572990.0,29037.246604226235,23.8297144801829,18.76204373475519,False
AL,67,142992.243,600389.0,27803.620103317153,23.816599404719273,19.18566510990089,False
MS,82,103971.382,403280.0,24280.43463050582,25.78143771077167,19.760699109674217,False
KS,105,62382.431,273935.0,9354.723717487619,22.772712869841385,19.35777001205117,False
WI,72,65025.889,492342.0,7950.021071350142,13.207463308025723,11.592727804788106,False
SD,66,18085.171,77902.0,2887.499073073053,23.215284588328924,19.50870571606242,True
WY,23,14629.729,51636.0,2859.760116017824,28.332421179022386,22.794114346545385,False
